,Транскрипция Infinitive,Past Simple,Транскрипция Past Simple,Past Participal,Транскрипция Past Participal,Русский,Испанский,Китайский,Французский
abide,[əˈbaɪd] ,"abode, abided","[əˈboʊd], [əˈbaɪdɪd] ","abode, abided","[əˈbəʊd], [əˈbaɪdɪd] ","пребывать, держаться",acatar,留,
arise,[əˈraɪz] ,arose,[əˈroʊz] ,arisen,[əˈrɪzn] ,"подняться, возникнуть",surgir,上升,
awake,[əˈweɪk] ,awoke,[əˈwoʊk] ,"awaked, awoke","[əˈweɪkt], [əˈwəʊk] ","будить, проснуться",despierto,醒来,
backbite,[ˈbækˌbaɪt] ,backbitten,backbitten ,backbitten,[ˈbækˌbɪtn] ,"клеветать, злословить",murmurar,诽谤,
backslide,[ˈbækˌslaɪd] ,backslid,backslid ,backslid,[ˈbækˌslɪd] ,отпадать,reincidir,脱落,
be,[bi] ,"was, were","[wʌz], [wɜr] ",been,[biːn] ,быть,ser,是,
bear,[bɛr] ,bore,[bɔr] ,born,[bɔːn] ,"нести, вынашивать",oso,拿,
beat,[bit] ,beat,[bit] ,beaten,[ˈbiːtn] ,бить,golpear,打,
become,[bɪˈkʌm] ,became,[bɪˈkeɪm] ,become,[bɪˈkʌm] ,становиться,volverse,成为,
befall,[bɪˈfɔl] ,befell,[bɪˈfɛl] ,befallen,[bɪˈfɔːlən] ,случиться,acontecer,发生,
beget,[bɪˈgɛt] ,"begot, begat","[biˈgɔt], [bɪˈgæt] ",begotten,[bɪˈgɒtn] ,порождать,engendrar,生,
begin,[bɪˈgɪn] ,began,[bɪˈgæn] ,begun,[bɪˈgʌn] ,начинать,empezar,开始,
begird,[bəˈɡərd],begirt,[bɪˈgɜːt],begirt,[bɪˈgɜːt] ,опоясывать,degird,包围,
behold,[bɪˈhoʊld] ,beheld,[bɪˈhɛld],beheld,[bɪˈhɛld] ,зреть,mirad,熟,
bend,[bɛnd] ,bent,[bɛnt] ,"bent, bended","[bɛnt], [ˈbɛndɪd] ",наклоняться (в стороны),curva,低垂,
bereave,[bɪˈriːv] ,"bereft, bereaved","[bɪˈrɛft], [bɪˈriːvd]","bereft, bereaved","[bɪˈrɛft], [bɪˈriːvd] ",лишать,privar,剥夺,
beseech,[bɪˈsiːtʃ] ,"besought, beseeched","[bɪˈsɔːt], [bɪˈsiːʧt]","besought, beseeched","[bɪˈsɔːt], [bɪˈsiːʧt] ","умолять, упрашивать",implorar,央托,
beset,[bɪˈsɛt] ,beset,[bɪˈsɛt] ,beset,[bɪˈsɛt] ,осаждать,engendrar,存款,
bespeak,[bɪˈspiːk] ,bespoke,[bɪˈspəʊk],"bespoke, bespoken","[bɪˈspəʊk], [bɪˈspəʊkən] ",заказывать,encargar,定购,
bespit,[bɪˈspɪt],bespat,[bɪˈspæt],bespat,[bɪˈspæt],заплевывать,bespit,吐脏,
bestride,[bɪˈstrʌɪd],bestrode,[bɪˈstroʊd] ,bestridden,[bɪˈstrɪdn] ,"садиться, сидеть верхом",cabalgar,坐下,
bet,[bɛt] ,"bet, betted","[bɛt], [ˈbɛtid] ","bet, betted","[bɛt], [ˈbɛtɪd] ",держать пари,apuesta,赌注,
betake,[biˈteɪk] ,betook,[ˈbɛˌtʊk] ,betaken,[bɪˈteɪkən] ,"приниматься, отправляться",dirigirse,接收,
bid,[bɪd] ,bid,[bɪd] ,"bid, bidden","[bɪd], [ˈbɪdn] ","велеть, просить",oferta,嘱咐,
bind,[baɪnd] ,bound,[baʊnd] ,bound,[baʊnd] ,связать,enlazar,结在一起,
bite,[baɪt] ,bit,[bɪt] ,"bit, bitten","[bɪt], [ˈbɪtn] ",кусать,mordedura,咬,
bleed,[bliːd],bled,[blɛd] ,bled,[blɛd] ,кровоточить,sangrar,流血,
bless,[blɛs] ,blessed,[blɛst] ,"blessed, blest","[blɛst], [blɛst] ",благословлять,bendecir,保佑,
blow,[bloʊ] ,blew,[blu] ,"blown, blowed","[bləʊn], [bləʊd] ",дуть,soplar,吹,
break,[breɪk] ,broke,[broʊk] ,broken,[ˈbrəʊkən] ,"ломать, сломать",descanso,打破,
breed,[briːd],bred,[brɛd] ,bred,[brɛd] ,выращивать,raza,成长,
bring,[brɪŋ] ,brought,[brɔːt],brought,[brɔːt] ,приносить,traer,带,
broadcast,[ˈbrɔdˌkæst] ,broadcast,[ˈbrɔdˌkæst] ,broadcast,[ˈbrɔdˌkæst],"распространять, разбрасывать",emisión,扔,
browbeat,[ˈbraʊˌbit] ,browbeat,[ˈbraʊˌbit] ,browbeaten,[ˈbraʊbiːt(ə)n] ,запугивать,atemorizar,恐吓,
build,[bɪld] ,built,[bɪlt] ,built,[bɪlt] ,строить,construir,建设,
burn,[bɜrn] ,"burnt, burned","[bɜrnt], [bɜrnd] ","burnt, burned","[bɜrnt], [bɜrnd]","жечь, гореть",quemar,烧伤,
burst,[bɜrst] ,burst,[bɜrst] ,burst,[bɜrst],"разразиться, взорваться",ráfaga,爆炸,
bust,[bʌst] ,"bust, busted","[bʌst], [ˈbʌstɪd] ","bust, busted","[bʌst], [ˈbʌstɪd] ",разжаловать,busto,胸围,
buy,[baɪ] ,bought,[bɔːt],bought,[bɔːt] ,покупать,comprar,购买,
can,[kæn] ,could,[kʊd] ,could,[kʊd] ,"мочь, уметь",poder,可以,
cast,[kæst] ,cast,[kæst] ,cast,[kæst],"кинуть, лить металл",emitir,扔，铸造金属,
catch,[kæʧ] ,caught,[kɔːt],caught,[kɔːt] ,"ловить, хватать, успеть",captura,抓,
chide,[ʧaɪd] ,"chid, chided","[ʧɪd], [ˈʧaɪdɪd]","chid, chided, chidden","[ʧɪd], [ˈʧaɪdɪd], [ˈʧɪdn] ",бранить,reprendo,骂,
choose,[ʧuz] ,chose,[ʧoʊz] ,chosen,[ˈʧəʊzn] ,выбирать,escoger,选择,
cleave,[kliːv],"clove, cleft, cleaved","[kloʊv], [klɛft], [klivd]","cloven, cleft, cleaved","[ˈkləʊvn], [klɛft], [kliːvd] ",рассечь,adherirse,切,
cling,[klɪŋ] ,clung,[klʌŋ] ,clung,[klʌŋ] ,"цепляться, льнуть",adherirse,保鲜,
come,[kʌm] ,came,[keɪm] ,come,[kʌm] ,приходить,ven,来,
cost,[kɔːst],cost,[kɑst] ,cost,[kɔːst],стоить,costo,值,
countersink,[ˈkaʊntəsɪŋk],countersank,[ˈkaʊntəsaŋk],countersunk,[ˈkaʊntəsʌŋk],зенковать,avellanar,锪,
creep,[krip] ,crept,[krɛpt] ,crept,[krɛpt] ,ползти,arrastrarse,爬行,
crow,[kroʊ] ,"crowed, crew","[kroʊd], [kru] ",crowed,[krəʊd] ,петь (о петухе),cuervo,唱歌,
cut,[kʌt] ,cut,[kʌt] ,cut,[kʌt] ,резать,cortar,切,
dare,[dɛr] ,"durst, dared","[dɜrst], [dɛrd] ",dared,[dɛrd],сметь,atrevimiento,敢,
deal,[diːl],dealt,[dɛlt] ,dealt,[dɛlt] ,иметь дело,acuerdo,合同,
dig,[dɪg] ,dug,[dʌg] ,dug,[dʌg] ,копать,cavar,挖,
dive,[daɪv] ,"dived, dove","[daɪvd], [doʊv]",dived,[daɪvd] ,"нырять, погружаться",bucear,潜水,
do,[du],did,[dɪd] ,done,[dʌn] ,делать,hacer,做,
draw,[drɔː],drew,[druː],drawn,[drɔːn] ,"рисовать, тащить",dibujar,画,
dream,[driːm],"dreamt, dreamed","[ˈdremt], [ˈdriːmd]","dreamt, dreamed","[ˈdremt], [ˈdriːmd]","грезить, мечтать",sueño,做梦,
drink,[drɪŋk] ,drank,[dræŋk] ,drunk,[drʌŋk] ,пить,beber,喝,
drive,[draɪv] ,drove,[droʊv] ,driven,[ˈdrɪvn] ,водить (машину),manejar,驾驶,
dwell,[dwɛl] ,dwelt,[dwɛlt] ,dwelt,[dwɛlt] ,"обитать, задерживаться",habitar,住,
eat,[iːt],ate,[eɪt] ,eaten,[ˈiːtn] ,"кушать, есть",comer,吃,
fall,"[fɔl], [fɑl]",fell,[fɛl] ,fallen,[ˈfɔːlən] ,падать,otoño,落,
feed,[fiːd],fed,[fɛd] ,fed,[fɛd] ,кормить,alimentar,喂,
feel,[fiːl],felt,[fɛlt] ,felt,[fɛlt] ,чувствовать,sensación,感觉,
fight,[faɪt] ,fought,[fɔːt],fought,[fɔːt] ,"сражаться, бороться",lucha,斗争,
find,[faɪnd] ,found,[faʊnd] ,found,[faʊnd] ,находить,encontrar,找到,
fit,[fɪt] ,fit,[fɪt] ,fit,[fɪt] ,подходить по размеру,ajuste,适合,
flee,[fliː],fled,[flɛd] ,fled,[flɛd] ,"бежать, спасаться",huir,逃跑,
fling,[flɪŋ] ,flung,[flʌŋ] ,flung,[flʌŋ] ,бросить,arrojar,扔,
floodlight,[ˈflʌdlaɪt],"floodlighted, floodlit","[ˈflʌdlaɪtɪd], [ˈflʌdlɪt]","floodlighted, floodlit","[ˈflʌdlaɪtɪd], [ˈflʌdlɪt]",освещать прожектором,foco,泛光灯,
fly,[flaɪ] ,flew,[flu] ,flown,[fləʊn] ,летать,mosca,飞,
forbear,[fɔːrˈber],forbore,[fɔːrˈbɔːr],forborne,[fɔːrˈbɔːrn],воздерживаться,abstenerse,避免,
forbid,"[fərˈbɪd], [fɔˈbɪd] ","forbad, forbade","[fərˈbæd], [fərˈbeɪd] ",forbidden,[fəˈbɪdn] ,запрещать,prohibir,禁止,
forecast,[ˈfɔːrkæst],"forecast, forecasted","[ˈfɔrˌkæst], [ˈfɔrˌkæstɪd] ","forecast, forecasted","[ˈfɔrˌkæst], [ˈfɔrˌkæstɪd]",предсказывать,pronóstico,预测,
foresee,[fɔːrˈsiː],foresaw,[ˌfɔːrˈsɒ],foreseen,[ˌfɔːrˈsiːn],предвидеть,prever,预料,
foretell,[fɔrˈtɛl] ,foretold,[fɔrˈtoʊld] ,foretold,[fɔrˈtoʊld],предсказывать,predecir,预测,
forget,[fərˈɡet],forgot,[fərˈɡɑːt],forgotten,[fərˈɡɑːtn],забывать,olvidar,忘记,
forgive,[fərˈɡɪv],forgave,[fərˈgeɪv] ,forgiven,[fərˈɡɪvən],прощать,perdonar,原谅,
forsake,[fɔrˈseɪk] ,forsook,[fɔrˈsʊk] ,forsaken,[fərˈseɪkən],покидать,abandonar,离开,
forswear,[fɔrˈswɛr] ,forswore,[fɔːˈswɔːr],forsworn,[ˌfɔːrˈswɔːrn],отрекаться,abjurar de,放弃,
freeze,[friːz],froze,[froʊz] ,frozen,[ˈfrəʊzn] ,замерзать,congelar,冻结,
gainsay,[ˈgeɪnˌseɪ] ,gainsaid,[ˌɡeɪnˈsed],gainsaid,[ˌɡeɪnˈsed],"отрицать, противоречить",contradecir,否认,
get,"[gɛt], [gɪt]",got,[ɡɑːt],got,[ɡɑːt],получать,obtener,收到,
gild,[gɪld] ,"gilt, gilded","[gɪlt], [ˈgɪldɪd] ","gilt, gilded","[gɪlt], [ˈgɪldɪd] ",позолотить,dorar,镀金,
gird,[gɜrd] ,"girded, girt","[ˈgɜrdɪd], [gɜrt] ","girded, girt","[ˈgɜrdɪd], [gɜrt]",опоясывать,ceñir,包围,
give,[gɪv] ,gave,[geɪv] ,given,[ˈgɪvn] ,давать,dar,给,
go,[goʊ] ,went,[wɛnt] ,gone,[gɒn] ,идти,ir,走,
grave,[greɪv],graved,[greɪvd] ,"graved, graven","[greɪvd], [ˈgreɪvən] ",гравировать,tumba,雕刻,
grind,[graɪnd] ,ground,[graʊnd] ,ground,[graʊnd] ,"точить, молоть",moler,磨,
grow,[groʊ] ,grew,[gru] ,grown,[grəʊn] ,расти,crecer,成长,
hamstring,[ˈhæmˌstrɪŋ] ,"hamstringed, hamstrung","[ˈhæmˌstrɪŋd], [ˈhæmstrəŋ] ","hamstringed, hamstrung","[ˈhæmstrɪŋd], [ˈhæmstrʌŋ] ",подрезать поджилки,tendón de la corva,腿筋,
hang,[hæŋ] ,"hung, hanged","[hʌŋ], [hæŋd] ","hung, hanged","[hʌŋ], [hæŋd] ",вешать,colgar,挂,
have,[hæv] ,had,[hæd] ,had,[hæd] ,иметь,tener,有,
hear,[hɪr],heard,[hɜrd] ,heard,[hɜrd],слушать,oír,听,
heave,[hiːv],"heaved, hove","[ˈhiːvd], [həʊv]","heaved, hove","[ˈhiːvd], [həʊv]",подымать(ся),tirón,提高,
hew,[hjuː],hewed,[ˈhjuːd],"hewed, hewn","[ˈhjuːd], [ˈhjuːn]","рубить, тесать",labrar,砍,
hide,[haɪd] ,hid,[hɪd] ,hidden,[ˈhɪdn] ,прятать(ся),esconder,隐藏,
hit,[hɪt] ,hit,[hɪt] ,hit,[hɪt] ,"ударять, попадать в цель",golpear,击中,
hold,[hoʊld] ,held,[hɛld] ,held,[hɛld] ,держать,sostener,保持,
hurt,[hɜːrt],hurt,[hɜːrt],hurt,[hɜːrt],причинить боль,herir,伤害,
inlay,[ˌɪnˈleɪ],inlaid,[ˌɪnˈleɪd],inlaid,[ˌɪnˈleɪd],"вкладывать, выстилать",embutido,铺上,
input,[ˈɪnˌpʊt] ,"input, inputted","[ˈɪnˌpʊt], [ˈɪnˌpʊtɪd] ","input, inputted","[ˈɪnpʊt], [ˈɪnpʊtɪd] ",входить,entrada,进入,
inset,[ɪnˈsɛt] ,inset,[ɪnˈsɛt],inset,[ɪnˈsɛt] ,"вставлять, вкладывать",recuadro,插入,
interweave,[ˌɪntərˈwiːv],interwove,[ˌɪntəˈwoʊv],interwoven,[ˌɪntəˈwoʊvən],воткать,entrelazar,交织,
keep,[kiːp],kept,[kept],kept,[kept],"хранить, содержать",guardar,保持,
ken,[kɛn] ,"kenned, kent","[kɛnd], [kɛnt] ",kenned,[kɛnd] ,"знать, узнавать по виду",conocido,知道,
kneel,[niːl],"knelt, kneeled","[nelt], [niːld]","knelt, kneeled","[nelt], [niːld]",стоять на коленях,arrodillarse,下跪,
knit,[nɪt] ,"knit, knitted","[nɪt], [ˈnɪtəd] ","knit, knitted","[nɪt], [ˈnɪtɪd] ",вязать,tejer,针织,
know,[noʊ] ,knew,[nuː],known,[nəʊn] ,знать,saber,知道,
lade,[ˈleɪd],laded,[ˈleɪdɪd] ,"laded, laden","[ˈleɪdɪd], [ˈleɪdn] ",грузить,cargar,船,
lay,[leɪ] ,laid,[leɪd] ,laid,[leɪd] ,"класть, положить",laico,放,
lead,[liːd],led,[lɛd] ,led,[lɛd] ,вести,dirigir,领导,
lean,[liːn],"leant, leaned","[ˈliənt], [ˈliːnd]","leant, leaned","[ˈliənt], [ˈliːnd]","опираться, прислоняться",apoyarse,瘦,
leap,[liːp],"leapt, leaped","[ˈliːpt], [ˈlept]","leapt, leaped","[ˈliːpt], [ˈlept]",прыгать,salto,跳,
learn,[lɜːrn],"learnt, learned","[ˈlɝːnt], [ˈlɜːrnɪd]","learnt, learned","[ˈlɝːnt], [ˈlɜːrnɪd]",учить,aprender,学习,
leave,[liːv],left,[left],left,[left],оставить,salir,保留,
lend,[lɛnd] ,lent,[lɛnt] ,lent,[lɛnt] ,одалживать,prestar,借,
let,[lɛt] ,let,[lɛt] ,let,[lɛt] ,позволять,dejar,允许,
lie,[laɪ] ,lay,[leɪ] ,lain,[leɪn] ,лежать,mentira,躺,
light,[laɪt] ,"lit, lighted","[lɪt], [ˈlaɪtɪd]","lit, lighted","[lɪt], [ˈlaɪtɪd] ",освещать,ligero,光,
lose,[luːz],lost,[lɔːst],lost,[lɔːst],терять,perder,失去,
make,[meɪk] ,made,[meɪd] ,made,[meɪd] ,"делать, производить",hacer,做,
may,[meɪ] ,might,[maɪt] ,might,[maɪt] ,"мочь, иметь возможность",mayo,能,
mean,[miːn],meant,[mɛnt] ,meant,[mɛnt] ,подразумевать,media,暗示,
meet,[miːt],met,[mɛt] ,met,[mɛt] ,встретить,reunirse,见面,
miscast,[ˌmɪsˈkæst],miscast,[ˌmɪsˈkæst],miscast,[ˌmɪsˈkæst],неправильно распределять роли,miscast,不正确的角色分配 ,
misdeal,[ˌmɪsˈdiːl],misdealt,[ˌmɪsˈdelt],misdealt,[ˌmɪsˈdelt],поступать неправильно,reparto erróneo,做错,
misgive,[ˌmɪsˈɡɪv],misgave,[ˌmɪsˈɡeɪv],misgiven,[ˌmɪsˈɡɪvn],внушать опасения,hacer recelar,疑虑,
mishear,[mɪsˈhir] ,misheard,[ˌmɪsˈhɜrd] ,misheard,[ˌmɪsˈhɜrd],ослышаться,oír mal,听错,
mishit,[mɪsˈhɪt] ,mishit,[mɪsˈhɪt] ,mishit,[mɪsˈhɪt] ,промахнуться,golpe defectuoso,没有打中,
mislay,[ˌmɪsˈleɪ],mislaid,[mɪsˈleɪd] ,mislaid,[mɪsˈleɪd] ,класть не на место,perder,错位,
mislead,[ˌmɪsˈliːd],misled,[mɪsˈlɛd] ,misled,[mɪsˈlɛd] ,ввести в заблуждение,engañar,误导,
misread,ˌmɪsˈriːd],misread,[ˌmɪsˈrɛd],misread,[ˌmɪsˈrɛd],неправильно истолковывать,engañar,误解,
misspell,[ˌmɪsˈspel],"misspelt, misspeled","[ˌmɪsˈspelt], [ˌmɪsˈspeld]","misspelt, misspeled","[ˌmɪsˈspelt], [ˌmɪsˈspeld]",писать с ошибками,escribir mal,写错误,
misspend,[ˌmɪsˈspend],misspent,[mɪsˈspɛnt] ,misspent,[ˈmɪsˈspɛnt] ,экономить,malgastar,保存,
mistake,[mɪsˈteɪk] ,mistook,[mɪsˈtʊk] ,mistaken,[mɪsˈteɪkən] ,ошибаться,Error,犯错,
misunderstand,[ˌmɪsʌndərˈstænd],misunderstood,[ˌmɪsəndərˈstʊd],misunderstood,[ˌmɪsəndərˈstʊd],неправильно понимать,entender mal,误解,
mow,[moʊ] ,mowed,"[moʊd], [məʊd] ","mown, mowed","[məʊn], [məʊd]",косить,cortar,刈,
outbid,[ˈaʊtˌbɪd] ,outbid,[ˈaʊtˌbɪd] ,outbid,[ˌaʊtˈbɪd],перебивать цену,sobrepujar,谎价,
outdo,[ˌaʊtˈduː],outdid,[ˈaʊtˌdɪd] ,outdone,[ˈaʊtˈdən],превосходить,exceder,高强,
outfight,[ˌaʊtˈfaɪt],outfought,[ˌaʊtˈfɔːt],outfought,[ˌaʊtˈfɔːt],побеждать (в бою),outfight,胜利,
outgrow,[ˌaʊtˈgroʊ] ,outgrew,[ˌaʊtˈgru:],outgrown,[aʊtˈgrəʊn] ,вырастать из,crecer más que,长出来,
output,[ˈaʊtˌpʊt] ,"output, outputted","[ˈaʊtˌpʊt], [ˈaʊtˌpʊtɪd] ","output, outputted","[ˈaʊtpʊt], [ˈaʊtpʊtɪd] ",выходить,salida,出,
outrun,[aʊˈtrʌn] ,outran,[aʊˈtræn] ,outrun,[aʊtˈrʌn] ,"перегонять, опережать",correr más que,超车,
outsell,[aʊtˈsɛl] ,outsold,[aʊtˈsoʊld] ,outsold,[aʊtˈsoʊld],продавать лучше или дороже,outsell,卖得更好或更贵,
outshine,[ˈaʊˌʧaɪn] ,outshone,[aʊtˈʃoʊn] ,outshone,[aʊtˈʃɒn] ,затмевать,eclipsar,掩盖,
overbid,[ˌoʊvərˈbɪd] ,overbid,[ˌoʊvərˈbɪd] ,overbid,[ˌoʊvərˈbɪd],повелевать,licitar más que,统治,
overcome,[ˈoʊvərˌkʌm] ,overcame,[ˈoʊvərˈkeɪm] ,overcome,[ˈoʊvərˌkʌm],компенсировать,superar,补偿,
overdo,[ˈoʊvərˈdu] ,overdid,[ˈoʊvərˌdɪd] ,overdone,[ˈoʊvərˌdʌn],пережари(ва)ть,exagerar,过火,
overdraw,[ˈoʊvərˌdrɔ:],overdrew,[ˈoʊvərˌdru:],overdrawn,[ˈoʊvərˈdrɔːn],превышать,girar en descubierto,超过,
overeat,[ˈoʊvəˌrit] ,overate,[oʊvəˈreɪt] ,overeaten,[ˌəʊvəˈriːtn] ,объедаться,comer con exceso,吃得过多,
overfly,[ˌoʊvərˈflaɪ] ,overflew,[ˌoʊvərˈflu:],overflown,[ˌoʊvərˈfləʊn],перелетать,sobrevolar,飞越,
overhang,[ˌoʊvərˈhæŋ] ,overhung,[oʊvərˈhʌŋ] ,overhung,[oʊvərˈhʌŋ],нависать,sobresalir,悬垂,
overhear,[ˈoʊvərˈhir] ,overheard,[ˈoʊvərˈhɜrd] ,overheard,[ˈoʊvərˈhɜrd],подслуш(ив)ать,oír,偷听,
overlay,[ˌoʊvərˈleɪ] ,overlaid,[ˈoʊvərˌleɪd] ,overlaid,[ˈoʊvərˌleɪd],покры(ва)ть,cubrir,覆盖,
overpay,[ˈoʊvərˌpeɪ] ,overpaid,[ˈoʊvərˈpeɪd] ,overpaid,[ˈoʊvərˈpeɪd],переплачивать,pagar demasiado,多付,
override,[ˈoʊvərˌraɪd] ,overrode,[ˈoʊvərˈroʊd] ,overridden,[ˌoʊvərˈrɪdn],"отвергать, отклонять",anular,拒绝,
overrun,[ˈoʊvərˌrʌn] ,overran,[ˈoʊvərˈræn] ,overrun,[ˈoʊvər'rʌn],переливаться через край,invadir,溢出,
oversee,[ˌoʊvərˈsiː],oversaw,[ˈoʊvərˌsɔ:],overseen,[ˌoʊvərˈsiːn],надзирать за,superentender,监视,
overshoot,[ˈoʊvərˌʃut] ,overshot,[ˈoʊvərˌʃɑt] ,overshot,[ˈoʊvərˌʃɑt],расстрелять,excederse,射击,
oversleep,[ˌoʊvərˈsliːp],overslept,[ˌoʊvərˈslɛpt] ,overslept,[ˌoʊvərˈslɛpt],прос(ы)пать,dormir demasiado,睡过头,
overtake,[ˈoʊvərˌteɪk] ,overtook,[ˌoʊvərˈtʊk] ,overtaken,[ˌoʊvərˈteɪkən],догонять,adelantar,追上,
overthrow,[ˌoʊvərˈθroʊ] ,overthrew,[ˌoʊvərˈθru] ,overthrown,[ˌoʊvərˈθrəʊn],свергать,derrocamiento,推翻,
partake,[pɑrˈteɪk] ,partook,[pɑːrˈtʊk],partaken,[pɑːrˈteɪkən],принимать участие,participar,参加,
pay,[peɪ] ,paid,[peɪd] ,paid,[peɪd] ,платить,paga,支付,
plead,[pliːd],"pleaded, pled","[ˈpli:dəd], [plɛd]","pleaded, pled","[ˈpli:dəd], [plɛd]",обращаться к суду,alegar,解决法院,
prepay,[priˈpeɪ] ,prepaid,[ˌpriːˈpeɪd],prepaid,[ˌpriːˈpeɪd],платить вперед,pagar por adelantado,预付,
prove,[pruːv],proved,[ˈpruːvd],"proved, proven","[pruːvd], [ˈpruːvən] ","доказывать, оказаться",probar,证明,
put,[pʊt] ,put,[pʊt] ,put,[pʊt] ,класть,poner,放,
quit,[kwɪt] ,"quit, quitted","[kwɪt], [ˈkwɪtɪd] ","quit, quitted","[kwɪt], [ˈkwɪtɪd] ","покидать, оставлять, выходить",dejar,离开,
read,[riːd],read,[rɛd] ,read,[rɛd] ,читать,leer,阅读,
rebind,[ˌriˈbaɪnd] ,rebound,[riˈbaʊnd] ,rebound,[rɪˈbaʊnd] ,перевязывать,reencuadernar,连衣裙,
rebuild,[ˌriːˈbɪld],rebuilt,[riˈbɪlt] ,rebuilt,[riˈbɪlt],перестроить,reconstruir,重组,
recast,[ˌriːˈkæst],recast,[ˌriːˈkæst],recast,[ˌriːˈkɑːst],"видоизменять, преобразовывать",refundir a,改变,
redo,[ˌriːˈduː],redid,[ˌriːˈdɪd],redone,[ˌriːˈdʌn] ,повторять сделанное,rehacer,重复做,
rehear,[riˈhir] ,reheard,[ˌriˈhɜrd] ,reheard,[ˌriˈhɜrd],слушать вторично,recalentar,再审,
remake,[ˈriˈmeɪk] ,remade,[riˈmeɪd] ,remade,[ˌriːˈmeɪd] ,переделывать,rehacer,翻拍,
rend,[rend],rent,[rɛnt] ,rent,[rɛnt] ,раздирать,desgarrar,裂,
repay,[riˈpeɪ] ,repaid,[riˈpeɪd] ,repaid,[riːˈpeɪd] ,отдавать долг,pagar,报答,
rerun,[ˈriˈrʌn] ,reran,[riːˈran],rerun,[ˌriːˈrʌn] ,выполнять повторно,repetición,再次执行,
resell,[riˈsɛl] ,resold,[riˈsoʊld] ,resold,[riːˈsoʊld],перепродавать,revender,转售,
reset,[ˌriːˈset],reset,[ˌriːˈset],reset,[ˌriːˈsɛt] ,возвращать,Reiniciar,回报,
resit,[ˌriˈsɪt],resat,[ˌriˈsæt],resat,[ˌriˈsæt],пересиживать,convocatoria extraordinaria,坐的时间比...久,дословно сидеть чем...дольше
retake,[ˌriːˈteɪk],retook,[riːˈtʊk],retaken,[ˌriːˈteɪkən] ,забирать,volver a tomar,撤,
retell,[riˈtɛl] ,retold,[ˌriˈtoʊld] ,retold,[ˌriˈtoʊld],пересказывать,recontar,排练,
rewrite,[ˈriːraɪt],rewrote,[ˌriːˈroʊt],rewritten,[ˌriːˈrɪtn] ,пере(за)писать,volver a escribir,改写,
rid,[rɪd] ,"rid, ridded","[rɪd], [ˈrɪdɪd] ","rid, ridded","[rɪd], [ˈrɪdɪd] ",избавлять,eliminar,挽救,
ride,[raɪd] ,rode,[roʊd] ,ridden,[ˈrɪdn] ,ездить верхом,paseo,骑,
ring,[rɪŋ] ,rang,[ræŋ] ,rung,[rʌŋ] ,звонить,anillo,通话,
rise,[raɪz] ,rose,[roʊz] ,risen,[ˈrɪzn] ,подняться,subir,向上,
rive,[raɪv],rived,[raɪvd],riven,[ˈrɪvən] ,расщеплять,hender,分裂,
run,[rʌn] ,ran,[ræn] ,run,[rʌn] ,"бежать, течь",correr,跑,
saw,[sɔː],sawed,[ˈsɔːd],"sawn, sawed","[sɔːn], [sɔːd] ",пилить,Sierra,唠叨,
say,[seɪ] ,said,[sɛd] ,said,[sɛd] ,"говорить, сказать",decir,告诉,
see,[siː],saw,[sɔː],seen,[siːn] ,видеть,ver,见,
seek,[siːk],sought,[sɔːt],sought,[sɔːt] ,искать,buscar,搜索,
sell,[sɛl] ,sold,[soʊld] ,sold,[soʊld],продавать,vender,出售,
send,[sɛnd] ,sent,[sɛnt] ,sent,[sɛnt] ,посылать,enviar,发送,
set,[sɛt] ,set,[sɛt] ,set,[sɛt] ,"ставить, устанавливать",conjunto,放,
sew,[soʊ] ,sewed,"[soʊd], [sjuːd] ","sewed, sewn","[səʊd], [sjuːd], [səʊn] ",шить,coser,缝,
shake,[ʃeɪk] ,shook,[ʃʊk] ,shaken,[ˈʃeɪkən] ,трясти,sacudir,动摇,
shave,[ʃeɪv] ,shaved,[ʃeɪvd] ,"shaved, shaven","[ʃeɪvd], [ˈʃeɪvn] ",брить(ся),afeitado,刮胡子,
shear,[ʃɪr] ,sheared,[ʃɪrd] ,"shorn, sheared","[ʃɔːrn], [ʃɪrd]",стричь,cortar,切,
shed,[ʃɛd] ,shed,[ʃɛd] ,shed,[ʃɛd] ,проливать,cobertizo,棚,
shine,[ʃaɪn] ,"shone, shined","[ʃoʊn], [ʃaɪnd] ","shone, shined","[ʃɒn], [ʃaɪnd] ","светить, сиять",brillar,闪耀,
shoe,[ʃuː],shod,[ʃɑːd],shod,[ʃɑːd],"обувать, подковывать",zapato,鞋,
shoot,[ʃuːt],shot,[ʃɑːt],shot,[ʃɑːt],"стрелять, давать побеги",disparar,射击,
show,[ʃoʊ] ,showed,[ʃoʊd] ,"shown, showed","[ʃəʊn], [ʃəʊd] ",показывать,espectáculo,显示,
shred,[ʃrɛd] ,"shred, shredded","[ʃrɛd], [ˈʃrɛdəd] ","shred, shredded","[ʃrɛd], [ˈʃrɛdɪd] ","кромсать, расползаться",desgarrar,乱切,
shrink,[ʃrɪŋk] ,"shrank, shrunk","[ʃræŋk], [ʃrʌŋk] ",shrunk,[ʃrʌŋk] ,"сокращаться, сжиматься, отпрянуть",encogimiento,缩,
shrive,[ʃraɪv],"shrove, shrived","[ʃroʊv], [ʃraɪvd]","shriven, shrived","[ˈʃrɪvn], [ʃraɪvd] ",исповедовать,confesar,信仰,
shut,[ʃʌt] ,shut,[ʃʌt] ,shut,[ʃʌt] ,закрывать,cerrar,关闭,
sing,[sɪŋ] ,sang,[sæŋ] ,sung,[sʌŋ] ,петь,canta,唱,
sink,[sɪŋk] ,sank,[sæŋk] ,sunk,[sʌŋk] ,"опускаться, погружаться, тонуть",lavabo,水槽,
sit,[sɪt] ,sat,[sæt] ,sat,[sæt] ,сидеть,sentar,坐,
slay,[sleɪ] ,slew,[sluː],slain,[sleɪn] ,убивать,matar,杀,
sleep,[sliːp],slept,[slɛpt] ,slept,[slɛpt] ,спать,dormir,睡觉,
slide,[slaɪd] ,slid,[slɪd] ,slid,[slɪd] ,скользить,diapositiva,滑,
sling,[slɪŋ] ,slung,[slʌŋ] ,slung,[slʌŋ] ,"швырять, подвешивать",honda,挂上,
slink,[slɪŋk],slunk,[slʌŋk],slunk,[slʌŋk] ,идти крадучись,escabullirse,潜步,
slit,[slɪt] ,slit,[slɪt] ,slit,[slɪt] ,"раздирать(ся), разрезать (вдоль)",abertura,切,
smell,[smɛl] ,"smelt, smelled","[smɛlt], [smɛld] ","smelt, smelled","[smɛlt], [smɛld] ","пахнуть, нюхать",oler,闻,
smite,[smaɪt],smote,[smoʊt],smitten,[ˈsmɪtn] ,"ударять, разбивать",herir,击球,
sow,[soʊ] ,sowed,[soʊd],"sowed, sown","[səʊd], [səʊn] ",(по)сеять,sembrar,播种,
speak,[spiːk],spoke,[spoʊk] ,spoken,[ˈspoʊkən],говорить,hablar,说话,
speed,[spiːd],"sped, speeded","[spɛd], [ˈspiːdɪd]","sped, speeded","[spɛd], [ˈspiːdɪd] ","ускорять, спешить",velocidad,加速,
spell,[spɛl] ,"spelt, spelled","[spɛlt], [spɛld]","spelt, spelled","[spɛlt], [spɛld]",писать или читать по буквам,deletrear,拼写,
spend,[spɛnd] ,spent,[spɛnt] ,spent,[spɛnt] ,тратить,gastar,花,
spill,[spɪl] ,"spilt, spilled","[spɪlt], [spɪld] ","spilt, spilled","[ˈspɪlt], [spɪld] ",проливать,derramar,洒,
spin,[spɪn] ,"spun, span","[spʌn], [spæn] ",spun,[spʌn] ,прясть,girar,纺,
spit,[spɪt] ,"spat, spit","[spæt], [spɪt] ","spat, spit","[spæt], [spɪt] ",плевать,escupir,吐,
split,[splɪt] ,split,[splɪt] ,split,[splɪt] ,расщепить(ся),división,裂开,
spoil,[spɔɪl] ,"spoilt, spoiled","[spɔɪlt], [spɔːɪld]","spoilt, spoiled","[spɔɪlt], [spɔːɪld] ",портить,mimar,溺爱,
spotlight,[ˈspɑːtlaɪt],"spotlit, spotlighted","[ˈspɑːtlɪt], [ˈspɑːtlaɪtid]","spotlit, spotlighted","[ˈspɑːtlɪt], [ˈspɑːtlaɪtid]",осветить,destacar,照亮 ,
spread,[sprɛd] ,spread,[sprɛd] ,spread,[sprɛd] ,распространиться,untado,传播,
spring,[ˈsprɪŋ],sprang,[spræŋ] ,sprung,[sprʌŋ] ,"вскочить, возникнуть",primavera,跳,
stand,[stænd] ,stood,[stʊd] ,stood,[stʊd] ,стоять,estar,站,
stave,[steɪv] ,"staved, stove","[steɪvd], [stoʊv] ","staved, stove","[steɪvd], [stoʊv]","проламывать, разби(ва)ть",duela,打破,
steal,[stiːl],stole,[stoʊl] ,stolen,[ˈstoʊlən],красть,robar,偷,
stick,[stɪk] ,stuck,[stʌk] ,stuck,[stʌk] ,"уколоть, приклеить",palo,棒,
sting,[stɪŋ] ,stung,[stʌŋ] ,stung,[stʌŋ] ,жалить,picadura,刺,
stink,[stɪŋk] ,"stank, stunk","[stæŋk], [stʌŋk] ",stunk,[stʌŋk] ,вонять,hedor,臭,
strew,[struː],strewed,[ˈstruːd],"strewn, strewed","[struːn], [struːd] ","усеять, устлать",esparcir,播种上,
stride,[straɪd] ,strode,[stroʊd] ,stridden,[ˈstrɪdn] ,"шагать, наносить удар",paso,游行,
strike,[straɪk] ,struck,[strʌk] ,struck,[strʌk] ,"ударить, бить, бастовать",Huelga,罢,
string,[strɪŋ] ,strung,[strʌŋ] ,strung,[strʌŋ] ,"нанизать, натянуть",cuerda,串成,
strive,[straɪv] ,strove,[stroʊv] ,striven,[ˈstrɪvən],стараться,esforzarse,努力,
sublet,[ˌsʌbˈlet],sublet,[ˌsʌbˈlet],sublet,[ˌsʌbˈlet],передавать в субаренду,subarrendar,转租,
swear,[swɛr] ,swore,[swɔːr],sworn,[swɔːrn],"(по)клясться, присягнуть",jurar,发誓,
sweep,[swiːp],swept,[swɛpt] ,swept,[swɛpt] ,"мести, промчаться",barrer,疾驰过去,
swell,[swɛl] ,swelled,[ˈsweld],"swollen, swelled","[ˈswoʊlən], [swɛld]",разбухать,hinchar,膨胀,
swim,[swɪm] ,swam,[swæm] ,swum,[swʌm] ,плавать,nadar,游泳,
swing,[swɪŋ] ,swung,[swʌŋ] ,swung,[swʌŋ] ,качаться,oscilación,摆动,
take,[teɪk] ,took,[tʊk] ,taken,[ˈteɪkən] ,"взять, брать",tomar,拿,
teach,[tiːtʃ],taught,[tɔːt],taught,[tɔːt] ,учить,enseñar,教,
tear,[tɛr] ,tore,[tɔːr],torn,[tɔːrn],рвать,lágrima,拔,
tell,[tɛl] ,told,[toʊld] ,told,[toʊld],"рассказывать, сказать",contar,告诉,
think,[θɪŋk] ,thought,[θɔːt],thought,[θɔːt] ,думать,pensar,想,
thrive,[θraɪv] ,"throve, trived",[θroʊv],"thriven, trived",[ˈθrɪvən],процветать,prosperar,繁荣,
throw,[θroʊ] ,threw,[θruː],thrown,[θroʊn],бросить,lanzar,扔,
thrust,[θrʌst] ,thrust,[θrʌst] ,thrust,[θrʌst] ,"толкнуть, сунуть",empuje,推,
tread,[trɛd] ,trod,[trɑd] ,"trod, trodden","[trɒd], [ˈtrɒdn] ",ступать,huella,踏,
unbend,[ˌʌnˈbɛnd] ,unbent,[ʌnˈbɛnt] ,unbent,[ʌnˈbɛnt] ,разогнуть(ся),enderezar,伸直,
underbid,[ˈʌndərˌbɪd] ,underbid,[ˈʌndərˌbɪd] ,underbid,[ˈʌndərˌbɪd],снижать цену,ofrecer menos de lo que vale,降价,
undercut,[ˌʌndərˈkʌt],undercut,[ˌʌndərˈkʌt],undercut,[ˌʌndərˈkʌt],сбивать цены,vender a menor precio que,讨价还价,
undergo,[ˌʌndərˈgoʊ] ,underwent,[ˌʌndərˈwɛnt] ,undergone,[ˌʌndərˈɡɒn],"проходить, подвергаться",someterse,经历,
underlie,[ˌʌndərˈlaɪ] ,underlay,[ˌʌndərˈleɪ],underlain,[ˌʌndərˈleɪn],лежать в основе,estar debajo de,背后,
underpay,[ˌʌndərˈpeɪ] ,underpaid,[ˈʌndərˈpeɪd] ,underpaid,[ˈʌndərˈpeɪd],оплачивать слишком низко,underpay,付钱太低了,
undersell,[ˈʌndərˌsɛl] ,undersold,[ˌʌndərˈsoʊld],undersold,[ˌʌndərˈsoʊld],продавать дешевле,malvender,卖便宜,
understand,[ˌʌndərˈstænd] ,understood,[ˌʌndərˈstʊd] ,understood,[ˌʌndərˈstʊd],понимать,entender,了解,
undertake,[ˈʌndərˌteɪk] ,undertook,[ˌʌndərˈtʊk] ,undertaken,[ˌʌndərˈteɪkən],предпринять,emprender,取,
underwrite,[ˈʌndərˌraɪt] ,underwrote,[ˌʌndərˈroʊt] ,underwritten,[ˈʌndərˌrɪtən],подписыва(ть)ся,suscribir,签名,
undo,[ʌnˈduː],undid,[ʌnˈdɪd],undone,[ʌnˈdʌn] ,уничтожать сделанное,deshacer,解开,
unfreeze,[ˌʌnˈfriːz],unfroze,[ʌnˈfroʊz] ,unfrozen,[ʌnˈfroʊzn],размораживать,descongelar,除霜,
unsay,[ʌnˈseɪ] ,unsaid,[ʌnˈsɛd],unsaid,[ʌnˈsɛd] ,брать назад свои слова,retractarse,收回话,
unwind,[ˌʌnˈwaɪnd],unwound,[ˌʌnˈwaʊnd],unwound,[ʌnˈwaʊnd] ,развертывать,relajarse,铺开,
uphold,[ʌpˈhoʊld],upheld,[ˌʌpˈheld],upheld,[ʌpˈhɛld] ,поддерживать,defender,支持,
upset,[ˈʌpˌsɛt],upset,[ˈʌpˌsɛt],upset,[ʌpˈsɛt] ,опрокинуть(ся),trastornado,推倒,
wake,[weɪk] ,"woke, waked","[woʊk], [weɪkt] ","woken, waked","[ˈwoʊkən], [weɪkt]","просыпаться, будить",despertar,醒,
waylay,[ˈweɪˌleɪ] ,waylaid,[ˈweɪˌleɪd] ,waylaid,[ˈweɪˌleɪd],подстерегать,acechar,伏击,
wear,[wɛr] ,wore,[wɔːr],worn,[wɔːrn],носить (одежду),vestir,穿,
weave,[wiːv],"wove, weaved","[ˈwoʊv], [wiːvd]","woven, weaved","[ˈwoʊvn], [wiːvd]",ткать,tejido,编织,
wed,[wɛd] ,"wed, wedded","[wɛd], [ˈwɛdəd] ","wed, wedded","[wɛd], [ˈwɛdɪd] ",выдавать замуж,casarse,结婚,
weep,[wiːp],wept,[wɛpt] ,wept,[wɛpt] ,плакать,llorar,哭,
wet,[wɛt] ,"wet, wetted","[wɛt], [ˈwɛtɪd] ","wet, wetted","[wɛt], [ˈwɛtɪd] ","мочить, увлажнять",mojado,滋润,
win,[wɪn] ,won,[wʌn] ,won,[wʌn] ,выигрывать,ganar,赢,
wind,[wɪnd] ,winded,[ˈwɪndɪd],winded,[ˈwɪndɪd],заводить (механизм),viento,厂,
withdraw,[wɪðˈdrɔː],withdrew,[wɪðˈdruː],withdrawn,[wɪðˈdrɔːn] ,"взять назад, отозвать",retirar,拿回来,
withhold,[wɪðˈhoʊld],withheld,[wɪθˈhɛld] ,withheld,[ˌwɪθˈheld],удерживать,retener,拿得住,
withstand,[wɪθˈstænd] ,withstood,[wɪθˈstʊd] ,withstood,[wɪðˈstʊd] ,противиться,resistir a,抵制,
work,[wɜːrk],"worked, wrought","[wɜrkt], [rɔt] ","worked, wrought","[wɜːkt], [rɔːt] ",работать,trabajo,工作,
wring,[rɪŋ] ,wrung,[rʌŋ] ,wrung,[rʌŋ] ,"скрутить, сжать",exprimir,拧,
write,[raɪt],wrote,[roʊt],written,[ˈrɪtn],писать,escribir,写,